feedback_id,text,rating
1,Interface is confusing at times.,2
2,Support team was helpful.,4
3,Feature set feels limited.,3
4,Great value for the price.,5
5,Performance could be better.,2
6,App crashes occasionally.,1
7,Amazing onboarding experience.,4
8,Reports need more customization.,3
9,Solid customer service.,5
10,Loved the ease of use.,5
11,Interface is confusing at times.,2
12,Support team was helpful.,4
13,Feature set feels limited.,3
14,Great value for the price.,5
15,Performance could be better.,2
16,App crashes occasionally.,1
17,Amazing onboarding experience.,4
18,Reports need more customization.,3
19,Solid customer service.,5
20,Loved the ease of use.,5
21,Interface is confusing at times.,2
22,Support team was helpful.,4
23,Feature set feels limited.,3
24,Great value for the price.,5
25,Performance could be better.,2
26,App crashes occasionally.,1
27,Amazing onboarding experience.,4
28,Reports need more customization.,3
29,Solid customer service.,5
30,Loved the ease of use.,5
31,Interface is confusing at times.,2
32,Support team was helpful.,4
33,Feature set feels limited.,3
34,Great value for the price.,5
35,Performance could be better.,2
36,App crashes occasionally.,1
37,Amazing onboarding experience.,4
38,Reports need more customization.,3
39,Solid customer service.,5
40,Loved the ease of use.,5
41,Interface is confusing at times.,2
42,Support team was helpful.,4
43,Feature set feels limited.,3
44,Great value for the price.,5
45,Performance could be better.,2
46,App crashes occasionally.,1
47,Amazing onboarding experience.,4
48,Reports need more customization.,3
49,Solid customer service.,5
50,Loved the ease of use.,5
51,Interface is confusing at times.,2
52,Support team was helpful.,4
53,Feature set feels limited.,3
54,Great value for the price.,5
55,Performance could be better.,2
56,App crashes occasionally.,1
57,Amazing onboarding experience.,4
58,Reports need more customization.,3
59,Solid customer service.,5
60,Loved the ease of use.,5
61,Interface is confusing at times.,2
62,Support team was helpful.,4
63,Feature set feels limited.,3
64,Great value for the price.,5
65,Performance could be better.,2
66,App crashes occasionally.,1
67,Amazing onboarding experience.,4
68,Reports need more customization.,3
69,Solid customer service.,5
70,Loved the ease of use.,5
71,Interface is confusing at times.,2
72,Support team was helpful.,4
73,Feature set feels limited.,3
74,Great value for the price.,5
75,Performance could be better.,2
76,App crashes occasionally.,1
77,Amazing onboarding experience.,4
78,Reports need more customization.,3
79,Solid customer service.,5
80,Loved the ease of use.,5
81,Interface is confusing at times.,2
82,Support team was helpful.,4
83,Feature set feels limited.,3
84,Great value for the price.,5
85,Performance could be better.,2
86,App crashes occasionally.,1
87,Amazing onboarding experience.,4
88,Reports need more customization.,3
89,Solid customer service.,5
90,Loved the ease of use.,5
91,Interface is confusing at times.,2
92,Support team was helpful.,4
93,Feature set feels limited.,3
94,Great value for the price.,5
95,Performance could be better.,2
96,App crashes occasionally.,1
97,Amazing onboarding experience.,4
98,Reports need more customization.,3
99,Solid customer service.,5
100,Loved the ease of use.,5
101,Interface is confusing at times.,2
102,Support team was helpful.,4
103,Feature set feels limited.,3
104,Great value for the price.,5
105,Performance could be better.,2
106,App crashes occasionally.,1
107,Amazing onboarding experience.,4
108,Reports need more customization.,3
109,Solid customer service.,5
110,Loved the ease of use.,5
111,Interface is confusing at times.,2
112,Support team was helpful.,4
113,Feature set feels limited.,3
114,Great value for the price.,5
115,Performance could be better.,2
116,App crashes occasionally.,1
117,Amazing onboarding experience.,4
118,Reports need more customization.,3
119,Solid customer service.,5
120,Loved the ease of use.,5
121,Interface is confusing at times.,2
122,Support team was helpful.,4
123,Feature set feels limited.,3
124,Great value for the price.,5
125,Performance could be better.,2
126,App crashes occasionally.,1
127,Amazing onboarding experience.,4
128,Reports need more customization.,3
129,Solid customer service.,5
130,Loved the ease of use.,5
131,Interface is confusing at times.,2
132,Support team was helpful.,4
133,Feature set feels limited.,3
134,Great value for the price.,5
135,Performance could be better.,2
136,App crashes occasionally.,1
137,Amazing onboarding experience.,4
138,Reports need more customization.,3
139,Solid customer service.,5
140,Loved the ease of use.,5
141,Interface is confusing at times.,2
142,Support team was helpful.,4
143,Feature set feels limited.,3
144,Great value for the price.,5
145,Performance could be better.,2
146,App crashes occasionally.,1
147,Amazing onboarding experience.,4
148,Reports need more customization.,3
149,Solid customer service.,5
150,Loved the ease of use.,5
151,Interface is confusing at times.,2
152,Support team was helpful.,4
153,Feature set feels limited.,3
154,Great value for the price.,5
155,Performance could be better.,2
156,App crashes occasionally.,1
157,Amazing onboarding experience.,4
158,Reports need more customization.,3
159,Solid customer service.,5
160,Loved the ease of use.,5
161,Interface is confusing at times.,2
162,Support team was helpful.,4
163,Feature set feels limited.,3
164,Great value for the price.,5
165,Performance could be better.,2
166,App crashes occasionally.,1
167,Amazing onboarding experience.,4
168,Reports need more customization.,3
169,Solid customer service.,5
170,Loved the ease of use.,5
171,Interface is confusing at times.,2
172,Support team was helpful.,4
173,Feature set feels limited.,3
174,Great value for the price.,5
175,Performance could be better.,2
176,App crashes occasionally.,1
177,Amazing onboarding experience.,4
178,Reports need more customization.,3
179,Solid customer service.,5
180,Loved the ease of use.,5
181,Interface is confusing at times.,2
182,Support team was helpful.,4
183,Feature set feels limited.,3
184,Great value for the price.,5
185,Performance could be better.,2
186,App crashes occasionally.,1
187,Amazing onboarding experience.,4
188,Reports need more customization.,3
189,Solid customer service.,5
190,Loved the ease of use.,5
191,Interface is confusing at times.,2
192,Support team was helpful.,4
193,Feature set feels limited.,3
194,Great value for the price.,5
195,Performance could be better.,2
196,App crashes occasionally.,1
197,Amazing onboarding experience.,4
198,Reports need more customization.,3
199,Solid customer service.,5
200,Loved the ease of use.,5
201,Interface is confusing at times.,2
202,Support team was helpful.,4
203,Feature set feels limited.,3
204,Great value for the price.,5
205,Performance could be better.,2
206,App crashes occasionally.,1
207,Amazing onboarding experience.,4
208,Reports need more customization.,3
209,Solid customer service.,5
210,Loved the ease of use.,5
211,Interface is confusing at times.,2
212,Support team was helpful.,4
213,Feature set feels limited.,3
214,Great value for the price.,5
215,Performance could be better.,2
216,App crashes occasionally.,1
217,Amazing onboarding experience.,4
218,Reports need more customization.,3
219,Solid customer service.,5
220,Loved the ease of use.,5
221,Interface is confusing at times.,2
222,Support team was helpful.,4
223,Feature set feels limited.,3
224,Great value for the price.,5
225,Performance could be better.,2
226,App crashes occasionally.,1
227,Amazing onboarding experience.,4
228,Reports need more customization.,3
229,Solid customer service.,5
230,Loved the ease of use.,5
231,Interface is confusing at times.,2
232,Support team was helpful.,4
233,Feature set feels limited.,3
234,Great value for the price.,5
235,Performance could be better.,2
236,App crashes occasionally.,1
237,Amazing onboarding experience.,4
238,Reports need more customization.,3
239,Solid customer service.,5
240,Loved the ease of use.,5
241,Interface is confusing at times.,2
242,Support team was helpful.,4
243,Feature set feels limited.,3
244,Great value for the price.,5
245,Performance could be better.,2
246,App crashes occasionally.,1
247,Amazing onboarding experience.,4
248,Reports need more customization.,3
249,Solid customer service.,5
250,Loved the ease of use.,5
251,Interface is confusing at times.,2
252,Support team was helpful.,4
253,Feature set feels limited.,3
254,Great value for the price.,5
255,Performance could be better.,2
256,App crashes occasionally.,1
257,Amazing onboarding experience.,4
258,Reports need more customization.,3
259,Solid customer service.,5
260,Loved the ease of use.,5
261,Interface is confusing at times.,2
262,Support team was helpful.,4
263,Feature set feels limited.,3
264,Great value for the price.,5
265,Performance could be better.,2
266,App crashes occasionally.,1
267,Amazing onboarding experience.,4
268,Reports need more customization.,3
269,Solid customer service.,5
270,Loved the ease of use.,5
271,Interface is confusing at times.,2
272,Support team was helpful.,4
273,Feature set feels limited.,3
274,Great value for the price.,5
275,Performance could be better.,2
276,App crashes occasionally.,1
277,Amazing onboarding experience.,4
278,Reports need more customization.,3
279,Solid customer service.,5
280,Loved the ease of use.,5
281,Interface is confusing at times.,2
282,Support team was helpful.,4
283,Feature set feels limited.,3
284,Great value for the price.,5
285,Performance could be better.,2
286,App crashes occasionally.,1
287,Amazing onboarding experience.,4
288,Reports need more customization.,3
289,Solid customer service.,5
290,Loved the ease of use.,5
291,Interface is confusing at times.,2
292,Support team was helpful.,4
293,Feature set feels limited.,3
294,Great value for the price.,5
295,Performance could be better.,2
296,App crashes occasionally.,1
297,Amazing onboarding experience.,4
298,Reports need more customization.,3
299,Solid customer service.,5
300,Loved the ease of use.,5
301,Interface is confusing at times.,2
302,Support team was helpful.,4
303,Feature set feels limited.,3
304,Great value for the price.,5
305,Performance could be better.,2
306,App crashes occasionally.,1
307,Amazing onboarding experience.,4
308,Reports need more customization.,3
309,Solid customer service.,5
310,Loved the ease of use.,5
311,Interface is confusing at times.,2
312,Support team was helpful.,4
313,Feature set feels limited.,3
314,Great value for the price.,5
315,Performance could be better.,2
316,App crashes occasionally.,1
317,Amazing onboarding experience.,4
318,Reports need more customization.,3
319,Solid customer service.,5
320,Loved the ease of use.,5
321,Interface is confusing at times.,2
322,Support team was helpful.,4
323,Feature set feels limited.,3
324,Great value for the price.,5
325,Performance could be better.,2
326,App crashes occasionally.,1
327,Amazing onboarding experience.,4
328,Reports need more customization.,3
329,Solid customer service.,5
330,Loved the ease of use.,5
331,Interface is confusing at times.,2
332,Support team was helpful.,4
333,Feature set feels limited.,3
334,Great value for the price.,5
335,Performance could be better.,2
336,App crashes occasionally.,1
337,Amazing onboarding experience.,4
338,Reports need more customization.,3
339,Solid customer service.,5
340,Loved the ease of use.,5
341,Interface is confusing at times.,2
342,Support team was helpful.,4
343,Feature set feels limited.,3
344,Great value for the price.,5
345,Performance could be better.,2
346,App crashes occasionally.,1
347,Amazing onboarding experience.,4
348,Reports need more customization.,3
349,Solid customer service.,5
350,Loved the ease of use.,5
351,Interface is confusing at times.,2
352,Support team was helpful.,4
353,Feature set feels limited.,3
354,Great value for the price.,5
355,Performance could be better.,2
356,App crashes occasionally.,1
357,Amazing onboarding experience.,4
358,Reports need more customization.,3
359,Solid customer service.,5
360,Loved the ease of use.,5
361,Interface is confusing at times.,2
362,Support team was helpful.,4
363,Feature set feels limited.,3
364,Great value for the price.,5
365,Performance could be better.,2
366,App crashes occasionally.,1
367,Amazing onboarding experience.,4
368,Reports need more customization.,3
369,Solid customer service.,5
370,Loved the ease of use.,5
371,Interface is confusing at times.,2
372,Support team was helpful.,4
373,Feature set feels limited.,3
374,Great value for the price.,5
375,Performance could be better.,2
376,App crashes occasionally.,1
377,Amazing onboarding experience.,4
378,Reports need more customization.,3
379,Solid customer service.,5
380,Loved the ease of use.,5
381,Interface is confusing at times.,2
382,Support team was helpful.,4
383,Feature set feels limited.,3
384,Great value for the price.,5
385,Performance could be better.,2
386,App crashes occasionally.,1
387,Amazing onboarding experience.,4
388,Reports need more customization.,3
389,Solid customer service.,5
390,Loved the ease of use.,5
391,Interface is confusing at times.,2
392,Support team was helpful.,4
393,Feature set feels limited.,3
394,Great value for the price.,5
395,Performance could be better.,2
396,App crashes occasionally.,1
397,Amazing onboarding experience.,4
398,Reports need more customization.,3
399,Solid customer service.,5
400,Loved the ease of use.,5
401,Interface is confusing at times.,2
402,Support team was helpful.,4
403,Feature set feels limited.,3
404,Great value for the price.,5
405,Performance could be better.,2
406,App crashes occasionally.,1
407,Amazing onboarding experience.,4
408,Reports need more customization.,3
409,Solid customer service.,5
410,Loved the ease of use.,5
411,Interface is confusing at times.,2
412,Support team was helpful.,4
413,Feature set feels limited.,3
414,Great value for the price.,5
415,Performance could be better.,2
416,App crashes occasionally.,1
417,Amazing onboarding experience.,4
418,Reports need more customization.,3
419,Solid customer service.,5
420,Loved the ease of use.,5
421,Interface is confusing at times.,2
422,Support team was helpful.,4
423,Feature set feels limited.,3
424,Great value for the price.,5
425,Performance could be better.,2
426,App crashes occasionally.,1
427,Amazing onboarding experience.,4
428,Reports need more customization.,3
429,Solid customer service.,5
430,Loved the ease of use.,5
431,Interface is confusing at times.,2
432,Support team was helpful.,4
433,Feature set feels limited.,3
434,Great value for the price.,5
435,Performance could be better.,2
436,App crashes occasionally.,1
437,Amazing onboarding experience.,4
438,Reports need more customization.,3
439,Solid customer service.,5
440,Loved the ease of use.,5
441,Interface is confusing at times.,2
442,Support team was helpful.,4
443,Feature set feels limited.,3
444,Great value for the price.,5
445,Performance could be better.,2
446,App crashes occasionally.,1
447,Amazing onboarding experience.,4
448,Reports need more customization.,3
449,Solid customer service.,5
450,Loved the ease of use.,5
451,Interface is confusing at times.,2
452,Support team was helpful.,4
453,Feature set feels limited.,3
454,Great value for the price.,5
455,Performance could be better.,2
456,App crashes occasionally.,1
457,Amazing onboarding experience.,4
458,Reports need more customization.,3
459,Solid customer service.,5
460,Loved the ease of use.,5
461,Interface is confusing at times.,2
462,Support team was helpful.,4
463,Feature set feels limited.,3
464,Great value for the price.,5
465,Performance could be better.,2
466,App crashes occasionally.,1
467,Amazing onboarding experience.,4
468,Reports need more customization.,3
469,Solid customer service.,5
470,Loved the ease of use.,5
471,Interface is confusing at times.,2
472,Support team was helpful.,4
473,Feature set feels limited.,3
474,Great value for the price.,5
475,Performance could be better.,2
476,App crashes occasionally.,1
477,Amazing onboarding experience.,4
478,Reports need more customization.,3
479,Solid customer service.,5
480,Loved the ease of use.,5
481,Interface is confusing at times.,2
482,Support team was helpful.,4
483,Feature set feels limited.,3
484,Great value for the price.,5
485,Performance could be better.,2
486,App crashes occasionally.,1
487,Amazing onboarding experience.,4
488,Reports need more customization.,3
489,Solid customer service.,5
490,Loved the ease of use.,5
491,Interface is confusing at times.,2
492,Support team was helpful.,4
493,Feature set feels limited.,3
494,Great value for the price.,5
495,Performance could be better.,2
496,App crashes occasionally.,1
497,Amazing onboarding experience.,4
498,Reports need more customization.,3
499,Solid customer service.,5
500,Loved the ease of use.,5
501,Interface is confusing at times.,2
502,Support team was helpful.,4
503,Feature set feels limited.,3
504,Great value for the price.,5
505,Performance could be better.,2
506,App crashes occasionally.,1
507,Amazing onboarding experience.,4
508,Reports need more customization.,3
509,Solid customer service.,5
510,Loved the ease of use.,5
511,Interface is confusing at times.,2
512,Support team was helpful.,4
513,Feature set feels limited.,3
514,Great value for the price.,5
515,Performance could be better.,2
516,App crashes occasionally.,1
517,Amazing onboarding experience.,4
518,Reports need more customization.,3
519,Solid customer service.,5
520,Loved the ease of use.,5
521,Interface is confusing at times.,2
522,Support team was helpful.,4
523,Feature set feels limited.,3
524,Great value for the price.,5
525,Performance could be better.,2
526,App crashes occasionally.,1
527,Amazing onboarding experience.,4
528,Reports need more customization.,3
529,Solid customer service.,5
530,Loved the ease of use.,5
531,Interface is confusing at times.,2
532,Support team was helpful.,4
533,Feature set feels limited.,3
534,Great value for the price.,5
535,Performance could be better.,2
536,App crashes occasionally.,1
537,Amazing onboarding experience.,4
538,Reports need more customization.,3
539,Solid customer service.,5
540,Loved the ease of use.,5
541,Interface is confusing at times.,2
542,Support team was helpful.,4
543,Feature set feels limited.,3
544,Great value for the price.,5
545,Performance could be better.,2
546,App crashes occasionally.,1
547,Amazing onboarding experience.,4
548,Reports need more customization.,3
549,Solid customer service.,5
550,Loved the ease of use.,5
551,Interface is confusing at times.,2
552,Support team was helpful.,4
553,Feature set feels limited.,3
554,Great value for the price.,5
555,Performance could be better.,2
556,App crashes occasionally.,1
557,Amazing onboarding experience.,4
558,Reports need more customization.,3
559,Solid customer service.,5
560,Loved the ease of use.,5
561,Interface is confusing at times.,2
562,Support team was helpful.,4
563,Feature set feels limited.,3
564,Great value for the price.,5
565,Performance could be better.,2
566,App crashes occasionally.,1
567,Amazing onboarding experience.,4
568,Reports need more customization.,3
569,Solid customer service.,5
570,Loved the ease of use.,5
571,Interface is confusing at times.,2
572,Support team was helpful.,4
573,Feature set feels limited.,3
574,Great value for the price.,5
575,Performance could be better.,2
576,App crashes occasionally.,1
577,Amazing onboarding experience.,4
578,Reports need more customization.,3
579,Solid customer service.,5
580,Loved the ease of use.,5
581,Interface is confusing at times.,2
582,Support team was helpful.,4
583,Feature set feels limited.,3
584,Great value for the price.,5
585,Performance could be better.,2
586,App crashes occasionally.,1
587,Amazing onboarding experience.,4
588,Reports need more customization.,3
589,Solid customer service.,5
590,Loved the ease of use.,5
591,Interface is confusing at times.,2
592,Support team was helpful.,4
593,Feature set feels limited.,3
594,Great value for the price.,5
595,Performance could be better.,2
596,App crashes occasionally.,1
597,Amazing onboarding experience.,4
598,Reports need more customization.,3
599,Solid customer service.,5
600,Loved the ease of use.,5
601,Interface is confusing at times.,2
602,Support team was helpful.,4
603,Feature set feels limited.,3
604,Great value for the price.,5
605,Performance could be better.,2
606,App crashes occasionally.,1
607,Amazing onboarding experience.,4
608,Reports need more customization.,3
609,Solid customer service.,5
610,Loved the ease of use.,5
611,Interface is confusing at times.,2
612,Support team was helpful.,4
613,Feature set feels limited.,3
614,Great value for the price.,5
615,Performance could be better.,2
616,App crashes occasionally.,1
617,Amazing onboarding experience.,4
618,Reports need more customization.,3
619,Solid customer service.,5
620,Loved the ease of use.,5
621,Interface is confusing at times.,2
622,Support team was helpful.,4
623,Feature set feels limited.,3
624,Great value for the price.,5
625,Performance could be better.,2
626,App crashes occasionally.,1
627,Amazing onboarding experience.,4
628,Reports need more customization.,3
629,Solid customer service.,5
630,Loved the ease of use.,5
631,Interface is confusing at times.,2
632,Support team was helpful.,4
633,Feature set feels limited.,3
634,Great value for the price.,5
635,Performance could be better.,2
636,App crashes occasionally.,1
637,Amazing onboarding experience.,4
638,Reports need more customization.,3
639,Solid customer service.,5
640,Loved the ease of use.,5
641,Interface is confusing at times.,2
642,Support team was helpful.,4
643,Feature set feels limited.,3
644,Great value for the price.,5
645,Performance could be better.,2
646,App crashes occasionally.,1
647,Amazing onboarding experience.,4
648,Reports need more customization.,3
649,Solid customer service.,5
650,Loved the ease of use.,5
651,Interface is confusing at times.,2
652,Support team was helpful.,4
653,Feature set feels limited.,3
654,Great value for the price.,5
655,Performance could be better.,2
656,App crashes occasionally.,1
657,Amazing onboarding experience.,4
658,Reports need more customization.,3
659,Solid customer service.,5
660,Loved the ease of use.,5
661,Interface is confusing at times.,2
662,Support team was helpful.,4
663,Feature set feels limited.,3
664,Great value for the price.,5
665,Performance could be better.,2
666,App crashes occasionally.,1
667,Amazing onboarding experience.,4
668,Reports need more customization.,3
669,Solid customer service.,5
670,Loved the ease of use.,5
671,Interface is confusing at times.,2
672,Support team was helpful.,4
673,Feature set feels limited.,3
674,Great value for the price.,5
675,Performance could be better.,2
676,App crashes occasionally.,1
677,Amazing onboarding experience.,4
678,Reports need more customization.,3
679,Solid customer service.,5
680,Loved the ease of use.,5
681,Interface is confusing at times.,2
682,Support team was helpful.,4
683,Feature set feels limited.,3
684,Great value for the price.,5
685,Performance could be better.,2
686,App crashes occasionally.,1
687,Amazing onboarding experience.,4
688,Reports need more customization.,3
689,Solid customer service.,5
690,Loved the ease of use.,5
691,Interface is confusing at times.,2
692,Support team was helpful.,4
693,Feature set feels limited.,3
694,Great value for the price.,5
695,Performance could be better.,2
696,App crashes occasionally.,1
697,Amazing onboarding experience.,4
698,Reports need more customization.,3
699,Solid customer service.,5
700,Loved the ease of use.,5
701,Interface is confusing at times.,2
702,Support team was helpful.,4
703,Feature set feels limited.,3
704,Great value for the price.,5
705,Performance could be better.,2
706,App crashes occasionally.,1
707,Amazing onboarding experience.,4
708,Reports need more customization.,3
709,Solid customer service.,5
710,Loved the ease of use.,5
711,Interface is confusing at times.,2
712,Support team was helpful.,4
713,Feature set feels limited.,3
714,Great value for the price.,5
715,Performance could be better.,2
716,App crashes occasionally.,1
717,Amazing onboarding experience.,4
718,Reports need more customization.,3
719,Solid customer service.,5
720,Loved the ease of use.,5
721,Interface is confusing at times.,2
722,Support team was helpful.,4
723,Feature set feels limited.,3
724,Great value for the price.,5
725,Performance could be better.,2
726,App crashes occasionally.,1
727,Amazing onboarding experience.,4
728,Reports need more customization.,3
729,Solid customer service.,5
730,Loved the ease of use.,5
731,Interface is confusing at times.,2
732,Support team was helpful.,4
733,Feature set feels limited.,3
734,Great value for the price.,5
735,Performance could be better.,2
736,App crashes occasionally.,1
737,Amazing onboarding experience.,4
738,Reports need more customization.,3
739,Solid customer service.,5
740,Loved the ease of use.,5
741,Interface is confusing at times.,2
742,Support team was helpful.,4
743,Feature set feels limited.,3
744,Great value for the price.,5
745,Performance could be better.,2
746,App crashes occasionally.,1
747,Amazing onboarding experience.,4
748,Reports need more customization.,3
749,Solid customer service.,5
750,Loved the ease of use.,5
751,Interface is confusing at times.,2
752,Support team was helpful.,4
753,Feature set feels limited.,3
754,Great value for the price.,5
755,Performance could be better.,2
756,App crashes occasionally.,1
757,Amazing onboarding experience.,4
758,Reports need more customization.,3
759,Solid customer service.,5
760,Loved the ease of use.,5
761,Interface is confusing at times.,2
762,Support team was helpful.,4
763,Feature set feels limited.,3
764,Great value for the price.,5
765,Performance could be better.,2
766,App crashes occasionally.,1
767,Amazing onboarding experience.,4
768,Reports need more customization.,3
769,Solid customer service.,5
770,Loved the ease of use.,5
771,Interface is confusing at times.,2
772,Support team was helpful.,4
773,Feature set feels limited.,3
774,Great value for the price.,5
775,Performance could be better.,2
776,App crashes occasionally.,1
777,Amazing onboarding experience.,4
778,Reports need more customization.,3
779,Solid customer service.,5
780,Loved the ease of use.,5
781,Interface is confusing at times.,2
782,Support team was helpful.,4
783,Feature set feels limited.,3
784,Great value for the price.,5
785,Performance could be better.,2
786,App crashes occasionally.,1
787,Amazing onboarding experience.,4
788,Reports need more customization.,3
789,Solid customer service.,5
790,Loved the ease of use.,5
791,Interface is confusing at times.,2
792,Support team was helpful.,4
793,Feature set feels limited.,3
794,Great value for the price.,5
795,Performance could be better.,2
796,App crashes occasionally.,1
797,Amazing onboarding experience.,4
798,Reports need more customization.,3
799,Solid customer service.,5
800,Loved the ease of use.,5
801,Interface is confusing at times.,2
802,Support team was helpful.,4
803,Feature set feels limited.,3
804,Great value for the price.,5
805,Performance could be better.,2
806,App crashes occasionally.,1
807,Amazing onboarding experience.,4
808,Reports need more customization.,3
809,Solid customer service.,5
810,Loved the ease of use.,5
811,Interface is confusing at times.,2
812,Support team was helpful.,4
813,Feature set feels limited.,3
814,Great value for the price.,5
815,Performance could be better.,2
816,App crashes occasionally.,1
817,Amazing onboarding experience.,4
818,Reports need more customization.,3
819,Solid customer service.,5
820,Loved the ease of use.,5
821,Interface is confusing at times.,2
822,Support team was helpful.,4
823,Feature set feels limited.,3
824,Great value for the price.,5
825,Performance could be better.,2
826,App crashes occasionally.,1
827,Amazing onboarding experience.,4
828,Reports need more customization.,3
829,Solid customer service.,5
830,Loved the ease of use.,5
831,Interface is confusing at times.,2
832,Support team was helpful.,4
833,Feature set feels limited.,3
834,Great value for the price.,5
835,Performance could be better.,2
836,App crashes occasionally.,1
837,Amazing onboarding experience.,4
838,Reports need more customization.,3
839,Solid customer service.,5
840,Loved the ease of use.,5
841,Interface is confusing at times.,2
842,Support team was helpful.,4
843,Feature set feels limited.,3
844,Great value for the price.,5
845,Performance could be better.,2
846,App crashes occasionally.,1
847,Amazing onboarding experience.,4
848,Reports need more customization.,3
849,Solid customer service.,5
850,Loved the ease of use.,5
851,Interface is confusing at times.,2
852,Support team was helpful.,4
853,Feature set feels limited.,3
854,Great value for the price.,5
855,Performance could be better.,2
856,App crashes occasionally.,1
857,Amazing onboarding experience.,4
858,Reports need more customization.,3
859,Solid customer service.,5
860,Loved the ease of use.,5
861,Interface is confusing at times.,2
862,Support team was helpful.,4
863,Feature set feels limited.,3
864,Great value for the price.,5
865,Performance could be better.,2
866,App crashes occasionally.,1
867,Amazing onboarding experience.,4
868,Reports need more customization.,3
869,Solid customer service.,5
870,Loved the ease of use.,5
871,Interface is confusing at times.,2
872,Support team was helpful.,4
873,Feature set feels limited.,3
874,Great value for the price.,5
875,Performance could be better.,2
876,App crashes occasionally.,1
877,Amazing onboarding experience.,4
878,Reports need more customization.,3
879,Solid customer service.,5
880,Loved the ease of use.,5
881,Interface is confusing at times.,2
882,Support team was helpful.,4
883,Feature set feels limited.,3
884,Great value for the price.,5
885,Performance could be better.,2
886,App crashes occasionally.,1
887,Amazing onboarding experience.,4
888,Reports need more customization.,3
889,Solid customer service.,5
890,Loved the ease of use.,5
891,Interface is confusing at times.,2
892,Support team was helpful.,4
893,Feature set feels limited.,3
894,Great value for the price.,5
895,Performance could be better.,2
896,App crashes occasionally.,1
897,Amazing onboarding experience.,4
898,Reports need more customization.,3
899,Solid customer service.,5
900,Loved the ease of use.,5
901,Interface is confusing at times.,2
902,Support team was helpful.,4
903,Feature set feels limited.,3
904,Great value for the price.,5
905,Performance could be better.,2
906,App crashes occasionally.,1
907,Amazing onboarding experience.,4
908,Reports need more customization.,3
909,Solid customer service.,5
910,Loved the ease of use.,5
911,Interface is confusing at times.,2
912,Support team was helpful.,4
913,Feature set feels limited.,3
914,Great value for the price.,5
915,Performance could be better.,2
916,App crashes occasionally.,1
917,Amazing onboarding experience.,4
918,Reports need more customization.,3
919,Solid customer service.,5
920,Loved the ease of use.,5
921,Interface is confusing at times.,2
922,Support team was helpful.,4
923,Feature set feels limited.,3
924,Great value for the price.,5
925,Performance could be better.,2
926,App crashes occasionally.,1
927,Amazing onboarding experience.,4
928,Reports need more customization.,3
929,Solid customer service.,5
930,Loved the ease of use.,5
931,Interface is confusing at times.,2
932,Support team was helpful.,4
933,Feature set feels limited.,3
934,Great value for the price.,5
935,Performance could be better.,2
936,App crashes occasionally.,1
937,Amazing onboarding experience.,4
938,Reports need more customization.,3
939,Solid customer service.,5
940,Loved the ease of use.,5
941,Interface is confusing at times.,2
942,Support team was helpful.,4
943,Feature set feels limited.,3
944,Great value for the price.,5
945,Performance could be better.,2
946,App crashes occasionally.,1
947,Amazing onboarding experience.,4
948,Reports need more customization.,3
949,Solid customer service.,5
950,Loved the ease of use.,5
951,Interface is confusing at times.,2
952,Support team was helpful.,4
953,Feature set feels limited.,3
954,Great value for the price.,5
955,Performance could be better.,2
956,App crashes occasionally.,1
957,Amazing onboarding experience.,4
958,Reports need more customization.,3
959,Solid customer service.,5
960,Loved the ease of use.,5
961,Interface is confusing at times.,2
962,Support team was helpful.,4
963,Feature set feels limited.,3
964,Great value for the price.,5
965,Performance could be better.,2
966,App crashes occasionally.,1
967,Amazing onboarding experience.,4
968,Reports need more customization.,3
969,Solid customer service.,5
970,Loved the ease of use.,5
971,Interface is confusing at times.,2
972,Support team was helpful.,4
973,Feature set feels limited.,3
974,Great value for the price.,5
975,Performance could be better.,2
976,App crashes occasionally.,1
977,Amazing onboarding experience.,4
978,Reports need more customization.,3
979,Solid customer service.,5
980,Loved the ease of use.,5
981,Interface is confusing at times.,2
982,Support team was helpful.,4
983,Feature set feels limited.,3
984,Great value for the price.,5
985,Performance could be better.,2
986,App crashes occasionally.,1
987,Amazing onboarding experience.,4
988,Reports need more customization.,3
989,Solid customer service.,5
990,Loved the ease of use.,5
991,Interface is confusing at times.,2
992,Support team was helpful.,4
993,Feature set feels limited.,3
994,Great value for the price.,5
995,Performance could be better.,2
996,App crashes occasionally.,1
997,Amazing onboarding experience.,4
998,Reports need more customization.,3
999,Solid customer service.,5
1000,Loved the ease of use.,5
